{"cameraMode":{"drawMode":0,"name":"Shaded","section":"Shading Mode"},"sceneLighting":true,"audioPlay":false,"sceneViewState":{"m_AlwaysRefresh":false,"showFog":true,"showSkybox":true,"showFlares":true,"showImageEffects":true,"showParticleSystems":true,"showVisualEffectGraphs":true,"m_FxEnabled":true},"in2DMode":false,"pivot":{"x":9.445850372314454,"y":0.11260509490966797,"z":-6.4525017738342289},"rotation":{"x":-0.15802107751369477,"y":0.6890274286270142,"z":-0.15792599320411683,"w":-0.6894420981407166},"size":12.148180961608887,"orthographic":false}